BEGIN TRANSACTION;
DROP TABLE IF EXISTS "pds_resource";
CREATE TABLE IF NOT EXISTS "pds_resource" (
    "pds_task"    INTEGER,
    "loc"    TEXT,
    "prio"    INTEGER,
    "durvar"    REAL,
    "durfix"    REAL,
    "unit"    TEXT DEFAULT 'S',
    FOREIGN KEY("pds_task") REFERENCES "pds_task"("id"),
    PRIMARY KEY("pds_task")
);
DROP TABLE IF EXISTS "pds_part";
CREATE TABLE IF NOT EXISTS "pds_part" (
    "pds_task"    INTEGER,
    "material"    TEXT,
    "usage"    TEXT,
    "qty"    REAL NOT NULL DEFAULT 1,
    "unit"    TEXT NOT NULL DEFAULT 'PC',
    FOREIGN KEY("material") REFERENCES "material"("id"),
    FOREIGN KEY("pds_task") REFERENCES "pds_task"("id"),
    PRIMARY KEY("pds_task","material","usage")
);
DROP TABLE IF EXISTS "facility";
CREATE TABLE IF NOT EXISTS "facility" (
    "id"    TEXT,
    "typ"    TEXT,
    "desc"    TEXT,
    "loc"    TEXT,
    "state"    INTEGER,
    "statx"    TEXT,
    "at"    TIMESTAMP,
    PRIMARY KEY("id")
);
DROP TABLE IF EXISTS "part";
CREATE TABLE IF NOT EXISTS "part" (
    "site"    TEXT,
    "task"    INTEGER,
    "material"    TEXT,
    "usage"    TEXT,
    "qty"    REAL NOT NULL DEFAULT 1,
    "unit"    TEXT NOT NULL DEFAULT 'PC',
    FOREIGN KEY("task") REFERENCES "task"("id") ON DELETE CASCADE,
    PRIMARY KEY("task","material","usage","site")
);
DROP TABLE IF EXISTS "resource";
CREATE TABLE IF NOT EXISTS "resource" (
    "site"    TEXT,
    "task"    INTEGER,
    "loc"    TEXT,
    "prio"    INTEGER,
    "durvar"    REAL,
    "durfix"    REAL,
    "unit"    TEXT DEFAULT 'S',
    FOREIGN KEY("task") REFERENCES "task"("id") ON DELETE CASCADE,
    PRIMARY KEY("site","task")
);
DROP TABLE IF EXISTS "order_parameter";
CREATE TABLE IF NOT EXISTS "order_parameter" (
    "order"    INTEGER,
    "typ"    TEXT,
    "value"    TEXT,
    FOREIGN KEY("order") REFERENCES "order"("id") ON DELETE CASCADE,
    PRIMARY KEY("order","typ")
);
DROP TABLE IF EXISTS "material";
CREATE TABLE IF NOT EXISTS "material" (
    "id"    TEXT,
    "desc"    TEXT,
    "typ"    TEXT,
    "unit"    TEXT DEFAULT 'PCE',
    PRIMARY KEY("id")
) WITHOUT ROWID;
DROP TABLE IF EXISTS "operation";
CREATE TABLE IF NOT EXISTS "operation" (
    "id"    TEXT,
    "desc"    TEXT NOT NULL,
    PRIMARY KEY("id")
) WITHOUT ROWID;
DROP TABLE IF EXISTS "quotation";
CREATE TABLE IF NOT EXISTS "quotation" (
    "id"    INTEGER,
    "site"    TEXT NOT NULL,
    "order"    INTEGER NOT NULL,
    "sfcu"    INTEGER NOT NULL,
    "pds"    INTEGER NOT NULL,
    "operation"    TEXT,
    "supplier"    TEXT,
    "typ"    INTEGER,
    "due"    TIMESTAMP,
    "prio"    INTEGER,
    "state"    INTEGER,
    "statx"    TEXT,
    "at"    TIMESTAMP,
    UNIQUE("site","order","sfcu","operation","supplier"),
    PRIMARY KEY("id" AUTOINCREMENT)
);
DROP TABLE IF EXISTS "pds_task";
CREATE TABLE IF NOT EXISTS "pds_task" (
    "id"    INTEGER,
    "pds"    INTEGER NOT NULL,
    "step"    INTEGER NOT NULL,
    "next"    INTEGER,
    "typ"    TEXT,
    "operation"    TEXT NOT NULL,
    "variant"    TEXT,
    "param_typ"    TEXT,
    "param_value"    TEXT,
    FOREIGN KEY("pds") REFERENCES "pds"("id"),
    PRIMARY KEY("id")
);
DROP TABLE IF EXISTS "facility_operation";
CREATE TABLE IF NOT EXISTS "facility_operation" (
    "id"    INTEGER,
    "facility"    INTEGER operation TEXT NOT NULL,
    "operation"    TEXT,
    "param_typ"    TEXT,
    "param_min"    INTEGER,
    "param_max"    INTEGER,
    "value_typ"    INTEGER,
    "setup"    INTEGER,
    "state"    INTEGER,
    "statx"    TEXT,
    FOREIGN KEY("facility") REFERENCES "facility"("id") ON DELETE CASCADE,
    PRIMARY KEY("id" AUTOINCREMENT)
);
DROP TABLE IF EXISTS "order";
CREATE TABLE IF NOT EXISTS "order" (
    "id"    INTEGER,
    "site"    TEXT,
    "material"    TEXT NOT NULL,
    "variant"    TEXT,
    "qty"    REAL NOT NULL DEFAULT 1,
    "unit"    TEXT DEFAULT 'PCE',
    "pds"    INTEGER,
    "at"    TIMESTAMP NOT NULL,
    UNIQUE("site","id"),
    PRIMARY KEY("id" AUTOINCREMENT)
);
DROP TABLE IF EXISTS "order_ref";
CREATE TABLE IF NOT EXISTS "order_ref" (
    "order"    INTEGER,
    "site"    TEXT,
    "material_ref"    TEXT,
    "extorder_ref"    TEXT,
    "bom_ref"    TEXT,
    "routing_ref"    TEXT,
    "plant_ref"    TEXT,
    FOREIGN KEY("site","order") REFERENCES "order"("site","id") ON DELETE CASCADE
);
DROP TABLE IF EXISTS "pds";
CREATE TABLE IF NOT EXISTS "pds" (
    "id"    INTEGER,
    "site"    TEXT,
    "material"    TEXT NOT NULL,
    "has_variant"    INTEGER NOT NULL DEFAULT 0,
    "valid_from"    TIMESTAMP NOT NULL,
    "valid_to"    TIMESTAMP,
    FOREIGN KEY("material") REFERENCES "material"("id"),
    PRIMARY KEY("id" AUTOINCREMENT)
);
DROP TABLE IF EXISTS "task";
CREATE TABLE IF NOT EXISTS "task" (
    "id"    INTEGER,
    "site"    TEXT,
    "order"    INTEGER,
    "step"    INTEGER,
    "next"    INTEGER,
    "typ"    TEXT,
    "operation"    TEXT,
    "param_typ"    TEXT,
    "param_value"    TEXT,
    "pds_task"    INTEGER NOT NULL,
    FOREIGN KEY("site","order") REFERENCES "order"("site","id") ON DELETE CASCADE,
    PRIMARY KEY("id")
);
DROP TABLE IF EXISTS "order_status";
CREATE TABLE IF NOT EXISTS "order_status" (
    "order"    INTEGER,
    "site"    TEXT,
    "state"    INTEGER NOT NULL,
    "statx"    TEXT,
    "actual_start"    TIMESTAMP,
    "actual_end"    TIMESTAMP,
    "plan_start"    TIMESTAMP,
    "plan_end"    TIMESTAMP,
    "schd_start"    TIMESTAMP,
    "schd_end"    TIMESTAMP,
    "at"    TIMESTAMP,
    FOREIGN KEY("site","order") REFERENCES "order"("site","id") ON DELETE CASCADE
);
DROP TABLE IF EXISTS "sfcu";
CREATE TABLE IF NOT EXISTS "sfcu" (
    "id"    INTEGER,
    "pini"    INTEGER,
    "site"    TEXT,
    "order"    INTEGER,
    "material"    TEXT NOT NULL,
    "state"    INTEGER NOT NULL,
    "statx"    TEXT NOT NULL,
    "at"    TIMESTAMP NOT NULL,
    UNIQUE("site","id"),
    FOREIGN KEY("order") REFERENCES "order"("id") ON DELETE CASCADE,
    PRIMARY KEY("id")
);
DROP TABLE IF EXISTS "schedule";
CREATE TABLE IF NOT EXISTS "schedule" (
    "id"    INTEGER,
    "site"    TEXT NOT NULL,
    "order"    INTEGER NOT NULL,
    "sfcu"    INTEGER NOT NULL,
    "pds"    INTEGER NOT NULL,
    "mhu"    TEXT,
    "operation"    TEXT,
    "supplier"    TEXT,
    "typ"    INTEGER,
    "due"    TIMESTAMP,
    "prio"    INTEGER,
    "state"    INTEGER,
    "statx"    TEXT,
    "at"    TIMESTAMP,
    UNIQUE("site","order","sfcu","operation","supplier"),
    PRIMARY KEY("id" AUTOINCREMENT)
);
INSERT INTO "pds_resource" ("pds_task","loc","prio","durvar","durfix","unit") VALUES (1,'',0,30.0,'','S'),
 (2,'',0,35.0,'','S'),
 (3,'',0,125.0,'','S'),
 (4,'',0,125.0,'','S'),
 (5,'',0,30.0,'','S');
INSERT INTO "pds_part" ("pds_task","material","usage","qty","unit") VALUES (1,'FXF-5642','in',0.1,'M'),
 (1,'FXF-1120','out',1.0,'PCE'),
 (2,'FXF-1110','in',1.0,'PCE'),
 (3,'FXF-3610-R','in',3.5,'G'),
 (4,'FXF-3610-B','in',3.5,'G'),
 (3,'FXF-1110','out',1.0,'PCE'),
 (4,'FXF-1110','out',1.0,'PCE'),
 (5,'FXF-1110','in',1.0,'PCE'),
 (5,'FXF-1120','in',1.0,'PCE'),
 (5,'FXF-5611','in',2.0,'PCE'),
 (5,'FXF-1100','out',1.0,'PCE');
INSERT INTO "facility" ("id","typ","desc","loc","state","statx","at") VALUES ('area1','A','The flecsimo area 1','A:1',1,'ready','2020-07-14');
INSERT INTO "part" ("site","task","material","usage","qty","unit") VALUES ('FUAS',1,'FXF-1120','out',1.0,'PCE'),
 ('FUAS',1,'FXF-5642','in',0.1,'M'),
 ('FUAS',2,'FXF-1110','in',1.0,'PCE'),
 ('FUAS',3,'FXF-1110','out',1.0,'PCE'),
 ('FUAS',3,'FXF-3610-R','in',3.5,'G'),
 ('FUAS',4,'FXF-1100','out',1.0,'PCE'),
 ('FUAS',4,'FXF-1110','in',1.0,'PCE'),
 ('FUAS',4,'FXF-1120','in',1.0,'PCE'),
 ('FUAS',4,'FXF-5611','in',2.0,'PCE'),
 ('FUAS',5,'FXF-1120','out',1.0,'PCE'),
 ('FUAS',5,'FXF-5642','in',0.1,'M'),
 ('FUAS',6,'FXF-1110','in',1.0,'PCE'),
 ('FUAS',7,'FXF-1110','out',1.0,'PCE'),
 ('FUAS',7,'FXF-3610-B','in',3.5,'G'),
 ('FUAS',8,'FXF-1100','out',1.0,'PCE'),
 ('FUAS',8,'FXF-1110','in',1.0,'PCE'),
 ('FUAS',8,'FXF-1120','in',1.0,'PCE'),
 ('FUAS',8,'FXF-5611','in',2.0,'PCE'),
 ('FUAS',9,'FXF-1120','out',1.0,'PCE'),
 ('FUAS',9,'FXF-5642','in',0.1,'M'),
 ('FUAS',10,'FXF-1110','in',1.0,'PCE'),
 ('FUAS',11,'FXF-1110','out',1.0,'PCE'),
 ('FUAS',11,'FXF-3610-R','in',3.5,'G'),
 ('FUAS',12,'FXF-1100','out',1.0,'PCE'),
 ('FUAS',12,'FXF-1110','in',1.0,'PCE'),
 ('FUAS',12,'FXF-1120','in',1.0,'PCE'),
 ('FUAS',12,'FXF-5611','in',2.0,'PCE'),
 ('FUAS',13,'FXF-1120','out',1.0,'PCE'),
 ('FUAS',13,'FXF-5642','in',0.1,'M'),
 ('FUAS',14,'FXF-1110','in',1.0,'PCE'),
 ('FUAS',15,'FXF-1110','out',1.0,'PCE'),
 ('FUAS',15,'FXF-3610-R','in',3.5,'G'),
 ('FUAS',16,'FXF-1100','out',1.0,'PCE'),
 ('FUAS',16,'FXF-1110','in',1.0,'PCE'),
 ('FUAS',16,'FXF-1120','in',1.0,'PCE'),
 ('FUAS',16,'FXF-5611','in',2.0,'PCE'),
 ('FUAS',17,'FXF-1120','out',1.0,'PCE'),
 ('FUAS',17,'FXF-5642','in',0.1,'M'),
 ('FUAS',18,'FXF-1110','in',1.0,'PCE'),
 ('FUAS',19,'FXF-1110','out',1.0,'PCE'),
 ('FUAS',19,'FXF-3610-R','in',3.5,'G'),
 ('FUAS',20,'FXF-1100','out',1.0,'PCE'),
 ('FUAS',20,'FXF-1110','in',1.0,'PCE'),
 ('FUAS',20,'FXF-1120','in',1.0,'PCE'),
 ('FUAS',20,'FXF-5611','in',2.0,'PCE'),
 ('FUAS',21,'FXF-1120','out',1.0,'PCE'),
 ('FUAS',21,'FXF-5642','in',0.1,'M'),
 ('FUAS',22,'FXF-1110','in',1.0,'PCE'),
 ('FUAS',23,'FXF-1110','out',1.0,'PCE'),
 ('FUAS',23,'FXF-3610-B','in',3.5,'G'),
 ('FUAS',24,'FXF-1100','out',1.0,'PCE'),
 ('FUAS',24,'FXF-1110','in',1.0,'PCE'),
 ('FUAS',24,'FXF-1120','in',1.0,'PCE'),
 ('FUAS',24,'FXF-5611','in',2.0,'PCE'),
 ('FUAS',25,'FXF-1120','out',1.0,'PCE'),
 ('FUAS',25,'FXF-5642','in',0.1,'M'),
 ('FUAS',26,'FXF-1110','in',1.0,'PCE'),
 ('FUAS',27,'FXF-1110','out',1.0,'PCE'),
 ('FUAS',27,'FXF-3610-R','in',3.5,'G'),
 ('FUAS',28,'FXF-1100','out',1.0,'PCE'),
 ('FUAS',28,'FXF-1110','in',1.0,'PCE'),
 ('FUAS',28,'FXF-1120','in',1.0,'PCE'),
 ('FUAS',28,'FXF-5611','in',2.0,'PCE'),
 ('FUAS',29,'FXF-1120','out',1.0,'PCE'),
 ('FUAS',29,'FXF-5642','in',0.1,'M'),
 ('FUAS',30,'FXF-1110','in',1.0,'PCE'),
 ('FUAS',31,'FXF-1110','out',1.0,'PCE'),
 ('FUAS',31,'FXF-3610-B','in',3.5,'G'),
 ('FUAS',32,'FXF-1100','out',1.0,'PCE'),
 ('FUAS',32,'FXF-1110','in',1.0,'PCE'),
 ('FUAS',32,'FXF-1120','in',1.0,'PCE'),
 ('FUAS',32,'FXF-5611','in',2.0,'PCE'),
 ('FUAS',33,'FXF-1120','out',1.0,'PCE'),
 ('FUAS',33,'FXF-5642','in',0.1,'M'),
 ('FUAS',34,'FXF-1110','in',1.0,'PCE'),
 ('FUAS',35,'FXF-1110','out',1.0,'PCE'),
 ('FUAS',35,'FXF-3610-B','in',3.5,'G'),
 ('FUAS',36,'FXF-1100','out',1.0,'PCE'),
 ('FUAS',36,'FXF-1110','in',1.0,'PCE'),
 ('FUAS',36,'FXF-1120','in',1.0,'PCE'),
 ('FUAS',36,'FXF-5611','in',2.0,'PCE'),
 ('FUAS',37,'FXF-1120','out',1.0,'PCE'),
 ('FUAS',37,'FXF-5642','in',0.1,'M'),
 ('FUAS',38,'FXF-1110','in',1.0,'PCE'),
 ('FUAS',39,'FXF-1110','out',1.0,'PCE'),
 ('FUAS',39,'FXF-3610-R','in',3.5,'G'),
 ('FUAS',40,'FXF-1100','out',1.0,'PCE'),
 ('FUAS',40,'FXF-1110','in',1.0,'PCE'),
 ('FUAS',40,'FXF-1120','in',1.0,'PCE'),
 ('FUAS',40,'FXF-5611','in',2.0,'PCE'),
 ('FUAS',41,'FXF-1120','out',1.0,'PCE'),
 ('FUAS',41,'FXF-5642','in',0.1,'M'),
 ('FUAS',42,'FXF-1110','in',1.0,'PCE'),
 ('FUAS',43,'FXF-1110','out',1.0,'PCE'),
 ('FUAS',43,'FXF-3610-B','in',3.5,'G'),
 ('FUAS',44,'FXF-1100','out',1.0,'PCE'),
 ('FUAS',44,'FXF-1110','in',1.0,'PCE'),
 ('FUAS',44,'FXF-1120','in',1.0,'PCE'),
 ('FUAS',44,'FXF-5611','in',2.0,'PCE'),
 ('FUAS',45,'FXF-1120','out',1.0,'PCE'),
 ('FUAS',45,'FXF-5642','in',0.1,'M'),
 ('FUAS',46,'FXF-1110','in',1.0,'PCE'),
 ('FUAS',47,'FXF-1110','out',1.0,'PCE'),
 ('FUAS',47,'FXF-3610-B','in',3.5,'G'),
 ('FUAS',48,'FXF-1100','out',1.0,'PCE'),
 ('FUAS',48,'FXF-1110','in',1.0,'PCE'),
 ('FUAS',48,'FXF-1120','in',1.0,'PCE'),
 ('FUAS',48,'FXF-5611','in',2.0,'PCE'),
 ('FUAS',49,'FXF-1120','out',1.0,'PCE'),
 ('FUAS',49,'FXF-5642','in',0.1,'M'),
 ('FUAS',50,'FXF-1110','in',1.0,'PCE'),
 ('FUAS',51,'FXF-1110','out',1.0,'PCE'),
 ('FUAS',51,'FXF-3610-R','in',3.5,'G'),
 ('FUAS',52,'FXF-1100','out',1.0,'PCE'),
 ('FUAS',52,'FXF-1110','in',1.0,'PCE'),
 ('FUAS',52,'FXF-1120','in',1.0,'PCE'),
 ('FUAS',52,'FXF-5611','in',2.0,'PCE');
INSERT INTO "resource" ("site","task","loc","prio","durvar","durfix","unit") VALUES ('FUAS',1,'',0,30.0,'','S'),
 ('FUAS',2,'',0,35.0,'','S'),
 ('FUAS',3,'',0,125.0,'','S'),
 ('FUAS',4,'',0,30.0,'','S'),
 ('FUAS',5,'',0,30.0,'','S'),
 ('FUAS',6,'',0,35.0,'','S'),
 ('FUAS',7,'',0,125.0,'','S'),
 ('FUAS',8,'',0,30.0,'','S'),
 ('FUAS',9,'',0,30.0,'','S'),
 ('FUAS',10,'',0,35.0,'','S'),
 ('FUAS',11,'',0,125.0,'','S'),
 ('FUAS',12,'',0,30.0,'','S'),
 ('FUAS',13,'',0,30.0,'','S'),
 ('FUAS',14,'',0,35.0,'','S'),
 ('FUAS',15,'',0,125.0,'','S'),
 ('FUAS',16,'',0,30.0,'','S'),
 ('FUAS',17,'',0,30.0,'','S'),
 ('FUAS',18,'',0,35.0,'','S'),
 ('FUAS',19,'',0,125.0,'','S'),
 ('FUAS',20,'',0,30.0,'','S'),
 ('FUAS',21,'',0,30.0,'','S'),
 ('FUAS',22,'',0,35.0,'','S'),
 ('FUAS',23,'',0,125.0,'','S'),
 ('FUAS',24,'',0,30.0,'','S'),
 ('FUAS',25,'',0,30.0,'','S'),
 ('FUAS',26,'',0,35.0,'','S'),
 ('FUAS',27,'',0,125.0,'','S'),
 ('FUAS',28,'',0,30.0,'','S'),
 ('FUAS',29,'',0,30.0,'','S'),
 ('FUAS',30,'',0,35.0,'','S'),
 ('FUAS',31,'',0,125.0,'','S'),
 ('FUAS',32,'',0,30.0,'','S'),
 ('FUAS',33,'',0,30.0,'','S'),
 ('FUAS',34,'',0,35.0,'','S'),
 ('FUAS',35,'',0,125.0,'','S'),
 ('FUAS',36,'',0,30.0,'','S'),
 ('FUAS',37,'',0,30.0,'','S'),
 ('FUAS',38,'',0,35.0,'','S'),
 ('FUAS',39,'',0,125.0,'','S'),
 ('FUAS',40,'',0,30.0,'','S'),
 ('FUAS',41,'',0,30.0,'','S'),
 ('FUAS',42,'',0,35.0,'','S'),
 ('FUAS',43,'',0,125.0,'','S'),
 ('FUAS',44,'',0,30.0,'','S'),
 ('FUAS',45,'',0,30.0,'','S'),
 ('FUAS',46,'',0,35.0,'','S'),
 ('FUAS',47,'',0,125.0,'','S'),
 ('FUAS',48,'',0,30.0,'','S'),
 ('FUAS',49,'',0,30.0,'','S'),
 ('FUAS',50,'',0,35.0,'','S'),
 ('FUAS',51,'',0,125.0,'','S'),
 ('FUAS',52,'',0,30.0,'','S');
INSERT INTO "order_parameter" ("order","typ","value") VALUES (1000060,'diam','11'),
 (1000060,'pkg','standard'),
 (1000063,'diam','11'),
 (1000063,'pkg','deluxe'),
 (1000064,'diam','21'),
 (1000064,'pkg','deluxe'),
 (1000065,'diam','45'),
 (1000065,'pkg','deluxe'),
 (1000078,'diam','15'),
 (1000078,'pkg','deluxe'),
 (1000079,'diam','15'),
 (1000079,'pkg','deluxe'),
 (1000061,'diam','21'),
 (1000061,'pkg','standard'),
 (1000062,'diam','45'),
 (1000062,'pkg','standard'),
 (1000066,'diam','5'),
 (1000066,'pkg','standard'),
 (1000067,'diam','7'),
 (1000067,'pkg','standard'),
 (1000068,'diam','15'),
 (1000068,'pkg','standard'),
 (1000069,'diam','15'),
 (1000069,'pkg','standard'),
 (1000070,'diam','15'),
 (1000070,'pkg','standard'),
 (1000071,'diam','21'),
 (1000071,'pkg','standard'),
 (1000072,'diam','21'),
 (1000072,'pkg','standard'),
 (1000073,'diam','21'),
 (1000073,'pkg','deluxe'),
 (1000074,'diam','15'),
 (1000074,'pkg','standard'),
 (1000075,'diam','57'),
 (1000075,'pkg','standard'),
 (1000076,'diam','57'),
 (1000076,'pkg','deluxe'),
 (1000077,'diam','21'),
 (1000077,'pkg','standard'),
 (1000082,'diam','15'),
 (1000082,'pkg','deluxe'),
 (1000083,'diam','15'),
 (1000083,'pkg','deluxe');
INSERT INTO "material" ("id","desc","typ","unit") VALUES ('FXF-1100','Device Mount (for 20- 30 mm handlebars)','FINISH','PCE'),
 ('FXF-1110','Mount plate alloy (20-30 mm)','SEMIF','PCE'),
 ('FXF-1120','Steel clamp for 20-30 mm hadlebars','SEMIF','PCE'),
 ('FXF-1130','Deluxe Packaging','RAW','PCE'),
 ('FXF-1131','Standard Packaging','RAW','M'),
 ('FXF-3610-B','Anodization powder ''blue''','RAW','G'),
 ('FXF-3610-R','Anodization powder ''red''','RAW','G'),
 ('FXF-5611','M-5 allen bolts','RAW','PCE'),
 ('FXF-5642','INOX steel strap 0,2 mm thickness','RAW','M');
INSERT INTO "operation" ("id","desc") VALUES ('1-PUABE','Punch and Bend Steel Clamps'),
 ('11-ANODIZATION','Anodization of Alloys (Size Group A)'),
 ('27-DRILLING','Drilling and Thread Cutting'),
 ('5-FINASS','Final Assembly (Material Group C)');
INSERT INTO "pds_task" ("id","pds","step","next","typ","operation","variant","param_typ","param_value") VALUES (1,1,1,2,'start','1-PUABE',NULL,NULL,NULL),
 (2,1,2,3,'','27-DRILLING',NULL,'diam',NULL),
 (3,1,3,4,'var','11-ANODIZATION','col:red','col','red'),
 (4,1,3,4,'var','11-ANODIZATION','col:blue','col','blue'),
 (5,1,4,0,'final','5-FINASS',NULL,'pkg',NULL);
INSERT INTO "facility_operation" ("id","facility","operation","param_typ","param_min","param_max","value_typ","setup","state","statx") VALUES (2,'area1','27-DRILLING','diam',10,19,'range',25,'',''),
 (5,'area1','27-DRILLING','diam',20,39,'range',30,'',''),
 (6,'area1','27-DRILLING','diam',40,60,'range',35,NULL,NULL),
 (8,'area1','11-ANODIZATION','col','red','','value',10,'',''),
 (9,'area1','11-ANODIZATION','col','blue','','value',10,'',''),
 (10,'area1','1-PUABE','','','','',40,'',''),
 (11,'area1','5-FINASS','pkg','deluxe','','value',60,'',''),
 (12,'area1','5-FINASS','pkg','standard','','value',25,'',''),
 (13,'area1','5-FINASS','pkg','nopkg','','value',0,'','');
INSERT INTO "order" ("id","site","material","variant","qty","unit","pds","at") VALUES (1000060,'FUAS','FXF-1100','col:red',1.0,'PCE',1,'2020-08-03 14:28:52.636603'),
 (1000061,'FUAS','FXF-1100','col:blue',1.0,'PCE',1,'2021-08-03 14:29:26.088352'),
 (1000062,'FUAS','FXF-1100','col:red',1.0,'PCE',1,'2020-08-03 15:30:55.136103'),
 (1000063,'FUAS','FXF-1100','col:red',1.0,'PCE',1,'2020-08-21 09:50:50.486389'),
 (1000064,'FUAS','FXF-1100','col:blue',1.0,'PCE',1,'2020-08-28 15:09:57.469394'),
 (1000065,'FUAS','FXF-1100','col:red',1.0,'PCE',1,'2021-05-10 16:20:27.574164'),
 (1000066,'FUAS','FXF-1100','col:blue',3.0,'PCE',1,'2021-06-13 08:16:42.073790'),
 (1000067,'FUAS','FXF-1100','col:red',1.0,'PCE',1,'2021-06-13 08:16:46.269410'),
 (1000068,'FUAS','FXF-1100','col:blue',2.0,'PCE',1,'2021-06-13 13:13:11.932082'),
 (1000069,'FUAS','FXF-1100','col:blue',3.0,'PCE',1,'2021-06-16 15:47:57.177334'),
 (1000070,'FUAS','FXF-1100','col:red',2.0,'PCE',1,'2021-06-17 16:26:32.270911'),
 (1000071,'FUAS','FXF-1100','col:blue',1.0,'PCE',1,'2021-06-18 13:25:57.504673'),
 (1000072,'FUAS','FXF-1100','col:blue',4.0,'PCE',1,'2021-06-21 21:18:32.057884'),
 (1000073,'FUAS','FXF-1100','col:red',2.0,'PCE',1,'2021-06-21 21:21:32.730578'),
 (1000074,'FUAS','FXF-1100','col:red',1.0,'PCE',1,'2021-06-21 21:22:24.120549'),
 (1000075,'FUAS','FXF-1100','col:red',3.0,'PCE',1,'2021-06-21 21:22:51.460117'),
 (1000076,'FUAS','FXF-1100','col:red',2.0,'PCE',1,'2021-06-21 21:24:03.260062'),
 (1000077,'FUAS','FXF-1100','col:red',1.0,'PCE',1,'2021-06-21 21:24:26.088352'),
 (1000078,'FUAS','FXF-1100','col:blue',1.0,'PCE',1,'2021-10-06 13:10:25.248400'),
 (1000079,'FUAS','FXF-1100','col:blue',5.0,'PCE',1,'2021-10-06 13:15:06.080033'),
 (1000082,'FUAS','FXF-1100','col:red',1.0,'PCE',1,'2021-11-17 12:57:02.909639'),
 (1000083,'FUAS','FXF-1100','col:blue',1.0,'PCE',1,'2021-11-17 13:02:33.413481');
INSERT INTO "pds" ("id","site","material","has_variant","valid_from","valid_to") VALUES (1,'FUAS','FXF-1100',1,'2020-01-01','9999-12-31'),
 (2,'FUAS','FXF-1110',0,'2020-01-01','2020-03-31'),
 (3,'FUAS','FXF-1110',0,'2020-04-01','9999-12-31');
INSERT INTO "task" ("id","site","order","step","next","typ","operation","param_typ","param_value","pds_task") VALUES (1,'FUAS',1000060,1,2,'start','1-PUABE',NULL,NULL,1),
 (2,'FUAS',1000060,2,3,'','27-DRILLING','diam','11',2),
 (3,'FUAS',1000060,3,4,'var','11-ANODIZATION','col','red',3),
 (4,'FUAS',1000060,4,0,'final','5-FINASS','pkg','standard',5),
 (5,'FUAS',1000063,1,2,'start','1-PUABE',NULL,NULL,1),
 (6,'FUAS',1000063,2,3,'','27-DRILLING','diam','14',2),
 (7,'FUAS',1000063,3,4,'var','11-ANODIZATION','col','blue',4),
 (8,'FUAS',1000063,4,0,'final','5-FINASS','pkg','deluxe',5),
 (9,'FUAS',1000064,1,2,'start','1-PUABE',NULL,NULL,1),
 (10,'FUAS',1000064,2,3,'','27-DRILLING','diam','14',2),
 (11,'FUAS',1000064,3,4,'var','11-ANODIZATION','col','red',3),
 (12,'FUAS',1000064,4,0,'final','5-FINASS','pkg','deluxe',5),
 (13,'FUAS',1000065,1,2,'start','1-PUABE',NULL,NULL,1),
 (14,'FUAS',1000065,2,3,'','27-DRILLING','diam','15',2),
 (15,'FUAS',1000065,3,4,'var','11-ANODIZATION','col','red',3),
 (16,'FUAS',1000065,4,0,'final','5-FINASS','pkg','deluxe',5),
 (17,'FUAS',1000068,1,2,'start','1-PUABE',NULL,NULL,1),
 (18,'FUAS',1000068,2,3,'','27-DRILLING','diam',NULL,2),
 (19,'FUAS',1000068,3,4,'var','11-ANODIZATION','col','red',3),
 (20,'FUAS',1000068,4,0,'final','5-FINASS','pkg',NULL,5),
 (21,'FUAS',1000069,1,2,'start','1-PUABE',NULL,NULL,1),
 (22,'FUAS',1000069,2,3,'','27-DRILLING','diam',NULL,2),
 (23,'FUAS',1000069,3,4,'var','11-ANODIZATION','col','blue',4),
 (24,'FUAS',1000069,4,0,'final','5-FINASS','pkg',NULL,5),
 (25,'FUAS',1000066,1,2,'start','1-PUABE',NULL,NULL,1),
 (26,'FUAS',1000066,2,3,'','27-DRILLING','diam',NULL,2),
 (27,'FUAS',1000066,3,4,'var','11-ANODIZATION','col','red',3),
 (28,'FUAS',1000066,4,0,'final','5-FINASS','pkg',NULL,5),
 (29,'FUAS',1000071,1,2,'start','1-PUABE',NULL,NULL,1),
 (30,'FUAS',1000071,2,3,'','27-DRILLING','diam',NULL,2),
 (31,'FUAS',1000071,3,4,'var','11-ANODIZATION','col','blue',4),
 (32,'FUAS',1000071,4,0,'final','5-FINASS','pkg',NULL,5),
 (33,'FUAS',1000072,1,2,'start','1-PUABE',NULL,NULL,1),
 (34,'FUAS',1000072,2,3,'','27-DRILLING','diam',NULL,2),
 (35,'FUAS',1000072,3,4,'var','11-ANODIZATION','col','blue',4),
 (36,'FUAS',1000072,4,0,'final','5-FINASS','pkg',NULL,5),
 (37,'FUAS',1000073,1,2,'start','1-PUABE',NULL,NULL,1),
 (38,'FUAS',1000073,2,3,'','27-DRILLING','diam',NULL,2),
 (39,'FUAS',1000073,3,4,'var','11-ANODIZATION','col','red',3),
 (40,'FUAS',1000073,4,0,'final','5-FINASS','pkg',NULL,5),
 (41,'FUAS',1000078,1,2,'start','1-PUABE',NULL,NULL,1),
 (42,'FUAS',1000078,2,3,'','27-DRILLING','diam','15',2),
 (43,'FUAS',1000078,3,4,'var','11-ANODIZATION','col','blue',4),
 (44,'FUAS',1000078,4,0,'final','5-FINASS','pkg','deluxe',5),
 (45,'FUAS',1000079,1,2,'start','1-PUABE',NULL,NULL,1),
 (46,'FUAS',1000079,2,3,'','27-DRILLING','diam','15',2),
 (47,'FUAS',1000079,3,4,'var','11-ANODIZATION','col','blue',4),
 (48,'FUAS',1000079,4,0,'final','5-FINASS','pkg','deluxe',5),
 (49,'FUAS',1000082,1,2,'start','1-PUABE',NULL,NULL,1),
 (50,'FUAS',1000082,2,3,'','27-DRILLING','diam','15',2),
 (51,'FUAS',1000082,3,4,'var','11-ANODIZATION','col','red',3),
 (52,'FUAS',1000082,4,0,'final','5-FINASS','pkg','deluxe',5);
INSERT INTO "order_status" ("order","site","state","statx","actual_start","actual_end","plan_start","plan_end","schd_start","schd_end","at") VALUES (1000060,'FUAS',3,'RELEASED',NULL,NULL,NULL,NULL,NULL,NULL,'2021-11-06 15:15:20.804143'),
 (1000063,'FUAS',3,'RELEASED',NULL,NULL,NULL,NULL,NULL,NULL,'2020-08-21 09:55:03.302261'),
 (1000064,'FUAS',3,'RELEASED',NULL,NULL,NULL,NULL,NULL,NULL,'2020-08-28 15:12:00.987585'),
 (1000065,'FUAS',3,'RELEASED',NULL,NULL,NULL,NULL,NULL,NULL,'2021-05-10 16:27:25.555951'),
 (1000066,'FUAS',2,'PLANNED',NULL,NULL,NULL,NULL,NULL,NULL,'2021-06-17 12:13:13.200597'),
 (1000067,'FUAS',0,'INITIAL',NULL,NULL,NULL,NULL,NULL,NULL,'2021-06-13 08:16:46.269410'),
 (1000068,'FUAS',2,'PLANNED',NULL,NULL,NULL,NULL,NULL,NULL,'2021-06-15 21:55:04.570252'),
 (1000069,'FUAS',2,'PLANNED',NULL,NULL,NULL,NULL,NULL,NULL,'2021-06-21 21:12:02.908823'),
 (1000070,'FUAS',0,'INITIAL',NULL,NULL,NULL,NULL,NULL,NULL,'2021-06-17 16:26:32.270911'),
 (1000071,'FUAS',3,'RELEASED',NULL,NULL,NULL,NULL,NULL,NULL,'2021-11-06 15:55:47.379009'),
 (1000072,'FUAS',2,'PLANNED',NULL,NULL,NULL,NULL,NULL,NULL,'2021-06-21 21:18:50.069141'),
 (1000073,'FUAS',3,'RELEASED',NULL,NULL,NULL,NULL,NULL,NULL,'2021-10-04 16:19:42.443235'),
 (1000074,'FUAS',0,'INITIAL',NULL,NULL,NULL,NULL,NULL,NULL,'2021-06-21 21:22:24.120549'),
 (1000075,'FUAS',0,'INITIAL',NULL,NULL,NULL,NULL,NULL,NULL,'2021-06-21 21:22:51.460117'),
 (1000076,'FUAS',0,'INITIAL',NULL,NULL,NULL,NULL,NULL,NULL,'2021-06-21 21:24:03.260062'),
 (1000077,'FUAS',0,'INITIAL',NULL,NULL,NULL,NULL,NULL,NULL,'2021-06-21 21:24:26.088352'),
 (1000078,'FUAS',2,'PLANNED',NULL,NULL,NULL,NULL,NULL,NULL,'2021-10-06 13:12:28.266042'),
 (1000079,'FUAS',3,'RELEASED',NULL,NULL,NULL,NULL,NULL,NULL,'2021-10-06 13:17:35.824492'),
 (1000061,'FUAS',2,'PLANNED',NULL,NULL,NULL,NULL,NULL,NULL,'2021-06-21 21:11:45.172787'),
 (1000062,'FUAS',2,'PLANNED',NULL,NULL,NULL,NULL,NULL,NULL,'2021-06-21 21:11:45.172787'),
 (1000082,'FUAS',3,'RELEASED',NULL,NULL,NULL,NULL,NULL,NULL,'2021-11-17 14:55:39.362492'),
 (1000083,'FUAS',0,'INITIAL',NULL,NULL,NULL,NULL,NULL,NULL,'2021-11-17 13:02:33.413481');
INSERT INTO "sfcu" ("id","pini","site","order","material","state","statx","at") VALUES (1,NULL,'FUAS',1000060,'FXF-1100',0,'INITIAL','2020-08-03 14:28:52.636603'),
 (4,NULL,'FUAS',1000063,'FXF-1100',0,'INITIAL','2020-08-21 09:50:50.486389'),
 (5,NULL,'FUAS',1000063,'FXF-1100',0,'INITIAL','2020-08-21 09:50:50.486389'),
 (6,NULL,'FUAS',1000064,'FXF-1100',0,'INITIAL','2020-08-28 15:09:57.469394'),
 (7,NULL,'FUAS',1000064,'FXF-1100',0,'INITIAL','2020-08-28 15:09:57.469394'),
 (8,NULL,'FUAS',1000065,'FXF-1100',0,'INITIAL','2021-05-10 16:20:27.574164'),
 (9,NULL,'FUAS',1000068,'FXF-1100',0,'INITIAL','2021-06-13 13:13:11.932082'),
 (10,NULL,'FUAS',1000068,'FXF-1100',0,'INITIAL','2021-06-13 13:13:11.932082'),
 (11,NULL,'FUAS',1000069,'FXF-1100',0,'INITIAL','2021-06-16 15:47:57.177334'),
 (12,NULL,'FUAS',1000069,'FXF-1100',0,'INITIAL','2021-06-16 15:47:57.177334'),
 (13,NULL,'FUAS',1000069,'FXF-1100',0,'INITIAL','2021-06-16 15:47:57.177334'),
 (14,NULL,'FUAS',1000060,'FXF-1100',0,'INITIAL','2020-08-03 14:28:52.636603'),
 (15,NULL,'FUAS',1000071,'FXF-1100',0,'INITIAL','2021-06-18 13:25:57.504673'),
 (16,NULL,'FUAS',1000060,'FXF-1100',0,'INITIAL','2020-08-03 14:28:52.636603'),
 (17,NULL,'FUAS',1000069,'FXF-1100',0,'INITIAL','2021-06-16 15:47:57.177334'),
 (18,NULL,'FUAS',1000069,'FXF-1100',0,'INITIAL','2021-06-16 15:47:57.177334'),
 (19,NULL,'FUAS',1000069,'FXF-1100',0,'INITIAL','2021-06-16 15:47:57.177334'),
 (20,NULL,'FUAS',1000069,'FXF-1100',0,'INITIAL','2021-06-16 15:47:57.177334'),
 (21,NULL,'FUAS',1000069,'FXF-1100',0,'INITIAL','2021-06-16 15:47:57.177334'),
 (22,NULL,'FUAS',1000069,'FXF-1100',0,'INITIAL','2021-06-16 15:47:57.177334'),
 (23,NULL,'FUAS',1000071,'FXF-1100',0,'INITIAL','2021-06-18 13:25:57.504673'),
 (24,NULL,'FUAS',1000072,'FXF-1100',0,'INITIAL','2021-06-21 21:18:32.057884'),
 (25,NULL,'FUAS',1000072,'FXF-1100',0,'INITIAL','2021-06-21 21:18:32.057884'),
 (26,NULL,'FUAS',1000072,'FXF-1100',0,'INITIAL','2021-06-21 21:18:32.057884'),
 (27,NULL,'FUAS',1000072,'FXF-1100',0,'INITIAL','2021-06-21 21:18:32.057884'),
 (28,NULL,'FUAS',1000073,'FXF-1100',0,'INITIAL','2021-06-21 21:21:32.730578'),
 (29,NULL,'FUAS',1000073,'FXF-1100',0,'INITIAL','2021-06-21 21:21:32.730578'),
 (30,NULL,'FUAS',1000073,'FXF-1100',0,'INITIAL','2021-06-21 21:21:32.730578'),
 (31,NULL,'FUAS',1000073,'FXF-1100',0,'INITIAL','2021-06-21 21:21:32.730578'),
 (32,NULL,'FUAS',1000073,'FXF-1100',0,'INITIAL','2021-06-21 21:21:32.730578'),
 (33,NULL,'FUAS',1000073,'FXF-1100',0,'INITIAL','2021-06-21 21:21:32.730578'),
 (34,NULL,'FUAS',1000078,'FXF-1100',0,'INITIAL','2021-10-06 13:10:25.248400'),
 (35,NULL,'FUAS',1000079,'FXF-1100',0,'INITIAL','2021-10-06 13:15:06.080033'),
 (36,NULL,'FUAS',1000082,'FXF-1100',0,'INITIAL','2021-11-17 12:57:02.909639');
INSERT INTO "schedule" ("id","site","order","sfcu","pds","mhu","operation","supplier","typ","due","prio","state","statx","at") VALUES (3,'FUAS',1000063,4,1,NULL,NULL,'area1','A','2020-11-01',0,4,'ASSIGNED','2020-08-21 09:55:03.287614'),
 (4,'FUAS',1000063,5,1,NULL,NULL,'area1','A','2020-11-01',0,4,'ASSIGNED','2020-08-21 09:55:03.287614'),
 (5,'FUAS',1000064,6,1,NULL,NULL,'area1','A','2020-11-01',0,4,'ASSIGNED','2020-08-28 15:12:00.962830'),
 (6,'FUAS',1000064,7,1,NULL,NULL,'area1','A','2020-11-01',0,4,'ASSIGNED','2020-08-28 15:12:00.962830'),
 (7,'FUAS',1000065,8,1,NULL,NULL,'area1','A','2021-06-15',0,4,'ASSIGNED','2021-05-10 16:27:25.526616'),
 (8,'FUAS',1000068,9,1,NULL,NULL,'','A','2021-06-15',0,1,'PLANNED','2021-06-15 21:55:04.288822'),
 (9,'FUAS',1000068,10,1,NULL,NULL,'','A','2021-06-15',0,1,'PLANNED','2021-06-15 21:55:04.454184'),
 (10,'FUAS',1000069,11,1,NULL,NULL,'','A','2021-06-16',0,1,'PLANNED','2021-06-16 15:48:02.145675'),
 (11,'FUAS',1000069,12,1,NULL,NULL,'','A','2021-06-16',0,1,'PLANNED','2021-06-16 15:48:02.336624'),
 (12,'FUAS',1000069,13,1,NULL,NULL,'','A','2021-06-16',0,1,'PLANNED','2021-06-16 15:48:02.523138'),
 (13,'FUAS',1000060,14,1,NULL,NULL,'','A','2021-06-17',0,4,'ASSIGNED','2021-11-06 15:15:20.783199'),
 (14,'FUAS',1000071,15,1,NULL,NULL,'','A','2021-06-18',0,4,'ASSIGNED','2021-11-06 15:55:47.358445'),
 (15,'FUAS',1000060,16,1,NULL,NULL,'','A','2021-06-21',0,4,'ASSIGNED','2021-11-06 15:15:20.783199'),
 (16,'FUAS',1000069,17,1,NULL,NULL,'','A','2021-06-21',0,1,'PLANNED','2021-06-21 21:11:58.041616'),
 (17,'FUAS',1000069,18,1,NULL,NULL,'','A','2021-06-21',0,1,'PLANNED','2021-06-21 21:11:58.191276'),
 (18,'FUAS',1000069,19,1,NULL,NULL,'','A','2021-06-21',0,1,'PLANNED','2021-06-21 21:11:58.359252'),
 (19,'FUAS',1000069,20,1,NULL,NULL,'','A','2021-06-21',0,1,'PLANNED','2021-06-21 21:12:02.465904'),
 (20,'FUAS',1000069,21,1,NULL,NULL,'','A','2021-06-21',0,1,'PLANNED','2021-06-21 21:12:02.611438'),
 (21,'FUAS',1000069,22,1,NULL,NULL,'','A','2021-06-21',0,1,'PLANNED','2021-06-21 21:12:02.758784'),
 (22,'FUAS',1000071,23,1,NULL,NULL,'','A','2021-06-21',0,4,'ASSIGNED','2021-11-06 15:55:47.358445'),
 (23,'FUAS',1000072,24,1,NULL,NULL,'','A','2021-06-21',0,1,'PLANNED','2021-06-21 21:18:49.572684'),
 (24,'FUAS',1000072,25,1,NULL,NULL,'','A','2021-06-21',0,1,'PLANNED','2021-06-21 21:18:49.690982'),
 (25,'FUAS',1000072,26,1,NULL,NULL,'','A','2021-06-21',0,1,'PLANNED','2021-06-21 21:18:49.831672'),
 (26,'FUAS',1000072,27,1,NULL,NULL,'','A','2021-06-21',0,1,'PLANNED','2021-06-21 21:18:49.966184'),
 (27,'FUAS',1000073,32,1,NULL,NULL,'area1','A','2020-11-01',0,4,'ASSIGNED','2021-10-04 16:19:42.423273'),
 (28,'FUAS',1000073,33,1,NULL,NULL,'area1','A','2020-11-01',0,4,'ASSIGNED','2021-10-04 16:19:42.423273'),
 (29,'FUAS',1000078,0,1,NULL,NULL,'area1','A','2021-11-01',0,1,'PLANNED','2021-10-06 13:12:28.239647'),
 (30,'FUAS',1000079,35,1,NULL,NULL,'area1','A','2020-11-03',0,4,'ASSIGNED','2021-10-06 13:17:35.818549'),
 (31,'FUAS',1000082,36,1,NULL,NULL,'area1','A','2021-12-24',0,4,'ASSIGNED','2021-11-17 14:55:39.338921');
COMMIT;
